facet_axis,row_count,accepted_rows,needs_review_rows,legacy_seed_rows,low_confidence_rows,accepted_share,low_confidence_share
benchmark_construct_claim,446,3,443,0,111,0.006726457399103139,0.24887892376681614
benchmark_lifecycle_risk,544,7,537,0,399,0.012867647058823529,0.7334558823529411
construct_claim,601,3,598,0,266,0.004991680532445923,0.4425956738768719
context_pressure,300,3,297,0,219,0.01,0.73
domain,399,3,336,60,171,0.007518796992481203,0.42857142857142855
interaction_pattern,394,3,391,0,226,0.007614213197969543,0.5736040609137056
metric_type,408,5,403,0,250,0.012254901960784314,0.6127450980392157
modality,431,4,427,0,220,0.009280742459396751,0.5104408352668214
provider_construct_claim,12,0,12,0,6,0.0,0.5
task_mechanism,517,5,512,0,288,0.009671179883945842,0.5570599613152805
