facet_axis,review_status,facet_row_count,share_of_axis_rows
benchmark_construct_claim,accepted,3,0.006711409395973154
benchmark_construct_claim,needs_review,444,0.9932885906040269
benchmark_lifecycle_risk,accepted,6,0.011049723756906077
benchmark_lifecycle_risk,needs_review,537,0.988950276243094
construct_claim,accepted,3,0.005
construct_claim,needs_review,597,0.995
context_pressure,accepted,2,0.006711409395973154
context_pressure,needs_review,296,0.9932885906040269
domain,accepted,2,0.005025125628140704
domain,legacy_seed,60,0.1507537688442211
domain,needs_review,336,0.8442211055276382
interaction_pattern,accepted,2,0.00510204081632653
interaction_pattern,needs_review,390,0.9948979591836735
metric_type,accepted,4,0.009852216748768473
metric_type,needs_review,402,0.9901477832512315
modality,accepted,3,0.0069605568445475635
modality,needs_review,428,0.9930394431554525
provider_construct_claim,needs_review,12,1.0
task_mechanism,accepted,4,0.007766990291262136
task_mechanism,needs_review,511,0.9922330097087378
