unit,release_year,variant,benchmark_bearing_units,positive_share,coverage_share,positive_share_among_covered
announcement,2022,all_active,0,,,
announcement,2022,confidence_ge_0_7,0,,,
announcement,2022,accepted,0,,,
announcement,2023,all_active,3,0.0,0.9999999999999999,0.0
announcement,2023,confidence_ge_0_7,3,0.0,0.982456140350877,0.0
announcement,2023,accepted,3,0.0,0.20175438596491224,0.0
announcement,2024,all_active,8,0.09747023809523808,0.9999999999999998,0.09747023809523811
announcement,2024,confidence_ge_0_7,8,0.0662202380952381,0.9910714285714284,0.06681681681681682
announcement,2024,accepted,8,0.0,0.13579822954822954,0.0
announcement,2025,all_active,14,0.35871947079653843,0.9999999999999999,0.3587194707965385
announcement,2025,confidence_ge_0_7,14,0.32426573009279774,0.9919642857142854,0.32689254518805905
announcement,2025,accepted,14,0.0,0.0,
announcement,2026,all_active,26,0.6396785120538857,1.0,0.6396785120538857
announcement,2026,confidence_ge_0_7,26,0.17189907461151957,0.3659577624696047,0.46972381034217564
announcement,2026,accepted,26,0.0,0.0,
model_row,2022,all_active,0,,,
model_row,2022,confidence_ge_0_7,0,,,
model_row,2022,accepted,0,,,
model_row,2023,all_active,3,0.0,1.0,0.0
model_row,2023,confidence_ge_0_7,3,0.0,0.9824561403508771,0.0
model_row,2023,accepted,3,0.0,0.20175438596491227,0.0
model_row,2024,all_active,8,0.09747023809523811,0.9999999999999998,0.09747023809523814
model_row,2024,confidence_ge_0_7,8,0.0662202380952381,0.9910714285714284,0.06681681681681682
model_row,2024,accepted,8,0.0,0.13579822954822954,0.0
model_row,2025,all_active,14,0.35871947079653843,1.0,0.35871947079653843
model_row,2025,confidence_ge_0_7,14,0.32426573009279774,0.9919642857142856,0.32689254518805894
model_row,2025,accepted,14,0.0,0.0,
model_row,2026,all_active,30,0.6442513383801708,1.0,0.6442513383801708
model_row,2026,confidence_ge_0_7,30,0.16073358396156257,0.33733883273681536,0.4764751886331554
model_row,2026,accepted,30,0.0,0.0,
